,submitted_x,attempt_x,"8578639: Eminent Domain Video
Watch the first video on Eminent Domain here. This video will also be played in class. The video shows an interviewer asking a set of questions to an interviewee about Eminent Domain. After watching this, please answer the next 6 questions, reflecting on how much you agree or disagree with each statement about the interviewee.",0_x,8574369: Eminent Domain Video: The interviewee made sufficient eye contact,1.0_x,8574371: Eminent Domain Video: The interviewee gave specific and detailed answers,1.0.1_x,8574373: Eminent Domain Video: The interviewee's answers were relevant and non-contradictory,1.0.2_x,8574375: Eminent Domain Video: The interviewee was engaged in the conversation,1.0.3_x,"8574381: Eminent Domain Video: The interviewee had good pacing, with no awkward pauses",1.0.4_x,"8574383: Eminent Domain Video: Did you notice anything out of place, odd, or distracting in the session?",1.0.5_x,"8578641: 
Free Speech Video
Watch the second video on Free Speech here. This video will also be played in class. The video shows an interviewer asking a set of questions to an interviewee about Free Speech Exceptions. After watching this, please answer the next 6 questions, reflecting on how much you agree or disagree with each statement about the interviewee.
",0.1_x,8574705: Free Speech Video: The interviewee made sufficient eye contact,1.0.6_x,8574707: Free Speech Video: The interviewee gave specific and detailed answers,1.0.7_x,8574713: Free Speech Video: The interviewee's answers were relevant and non-contradictory,1.0.8_x,8574715: Free Speech Video: The interviewee was engaged in the conversation,1.0.9_x,"8574717: Free Speech Video: The interviewee had good pacing, with no awkward pauses",1.0.10,"8574719: Free Speech and Eminent Domain Videos: Did you notice anything out of place, odd, or distracting in either/both of the sessions?",,submitted_y,attempt_y,"8679181: 
Student Center Video
Watch the first video on Student Center here(Links to an external site.). This video will also be played in class. The video shows an interviewer asking a set of questions to an interviewee about the Student Center at Georgia Tech. After watching this, please answer the next 6 questions, reflecting on how much you agree or disagree with each statement about the interviewee.
",0_y,8679193: Student CenterVideo: The interviewee made sufficient eye contact,1.0_y,8679183: Student CenterVideo: The interviewee gave specific and detailed answers,1.0.1_y,8679185: Student CenterVideo: The interviewee's answers were relevant and non-contradictory,1.0.2_y,8679187: Student CenterVideo: The interviewee was engaged in the conversation,1.0.3_y,"8679189: Student CenterVideo: The interviewee had good pacing, with no awkward pauses",1.0.4_y,"8679191: 

Student CenterVideo: Did you notice anything out of place, odd, or distracting in the session?

",0,"8679301: 

CODA Video
Watch the first video on the CODA Building here(Links to an external site.). This video will also be played in class. The video shows an interviewer asking a set of questions to an interviewee about the CODA Building at Tech Square. After watching this, please answer the next 6 questions, reflecting on how much you agree or disagree with each statement about the interviewee.

",0.1_y,8679313: CODA Video: The interviewee made sufficient eye contact,1.0.5_y,8679303: CODA Video: The interviewee gave specific and detailed answers,1.0.6_y,8679305: CODA Video: The interviewee's answers were relevant and non-contradictory,1.0.7_y,8679307: CODA Video: The interviewee was engaged in the conversation,1.0.8_y,"8679309: CODA Video: The interviewee had good pacing, with no awkward pauses",1.0.9_y,"8679311: Student Center and CODA Videos: Did you notice anything out of place, odd, or distracting in either/both of the sessions?"
0,2022-04-07 14:29:05 UTC,1,,0,7. Strongly Agree,1,7. Strongly Agree,1,7. Strongly Agree,1,6. Agree,1,6. Agree,1,"When the interviewer was asking the last question, they interviewee reacted inpatiently to the interviewer's pause and the question.",1,,0,5. Somewhat Agree,1,6. Agree,1,5. Somewhat Agree,1,6. Agree,1,3. Somewhat Disagree,1,The interviewee seems not sute and condident about his answer for the last question,,2022-04-14 13:49:40 UTC,1,,0,2. Disagree,1,7. Strongly Agree,1,6. Agree,1,5. Somewhat Agree,1,6. Agree,1,"The speaker did much less eye contact but just constantlystared at the same direction as if he was thinking deeply, making me a bit distracted because that is not like a conversation",0,,0,2. Disagree,1,6. Agree,1,6. Agree,1,4. Neutral,1,6. Agree,1,
1,2022-04-07 14:11:23 UTC,1,,0,5. Somewhat Agree,1,3. Somewhat Disagree,1,3. Somewhat Disagree,1,3. Somewhat Disagree,1,2. Disagree,1,He occasionally looked up as if there was someone else there and he needed to get some feedback from this third person. He also looked very nervous as if he was remembering the answers.,1,,0,6. Agree,1,6. Agree,1,6. Agree,1,7. Strongly Agree,1,6. Agree,1,"The interviewee was more natural in the Free Speech Video. It was more like a conversation with natural pauses and expressions on his face, while in Eminent Domain, he seemed to be recalling what he needs to say.",,2022-04-14 13:43:07 UTC,1,,0,5. Somewhat Agree,1,5. Somewhat Agree,1,5. Somewhat Agree,1,5. Somewhat Agree,1,6. Agree,1,Nothing special,0,,0,2. Disagree,1,3. Somewhat Disagree,1,4. Neutral,1,3. Somewhat Disagree,1,2. Disagree,1,He seems to try to remember what he wanted to say very hard. 
2,2022-04-07 14:10:46 UTC,1,,0,6. Agree,1,5. Somewhat Agree,1,5. Somewhat Agree,1,6. Agree,1,7. Strongly Agree,1,No.,1,,0,3. Somewhat Disagree,1,5. Somewhat Agree,1,4. Neutral,1,5. Somewhat Agree,1,3. Somewhat Disagree,1,"Unnatural hand gesture, too much ‘you know’, and frequent head movement. ",,2022-04-14 13:43:17 UTC,1,,0,5. Somewhat Agree,1,6. Agree,1,6. Agree,1,6. Agree,1,6. Agree,1,The interviewee is sometimes looking at the top left.,0,,0,5. Somewhat Agree,1,6. Agree,1,6. Agree,1,5. Somewhat Agree,1,4. Neutral,1,Too much hand gesture; usually making his seat rotating.
3,2022-04-07 14:12:09 UTC,1,,0,6. Agree,1,6. Agree,1,6. Agree,1,6. Agree,1,6. Agree,1,"There was nothing out of place, odd or distracting in the session.",1,,0,5. Somewhat Agree,1,6. Agree,1,4. Neutral,1,5. Somewhat Agree,1,5. Somewhat Agree,1,The place where the video was taken is somewhat distracting since there are many objects around the interviewee such as a chair and a sign on the back such as trash.,,2022-04-14 13:44:20 UTC,1,,0,5. Somewhat Agree,1,6. Agree,1,6. Agree,1,6. Agree,1,6. Agree,1,"There was nothing out of place, odd or distracting in the session.",0,,0,3. Somewhat Disagree,1,6. Agree,1,6. Agree,1,6. Agree,1,6. Agree,1,"The interviewee has less eye contact compared to the Student Center video. Other than that, there is nothing out of place, odd or distracting."
4,2022-04-07 14:10:22 UTC,1,,0,6. Agree,1,6. Agree,1,6. Agree,1,6. Agree,1,6. Agree,1,I's good overall. I think the background setting is a little session. Too many staffs on the back that make people look at. ,1,,0,2. Disagree,1,5. Somewhat Agree,1,4. Neutral,1,5. Somewhat Agree,1,6. Agree,1,"He looks to somewhere else when thinking about the question, which makes it feels like he is not engaging",,2022-04-14 13:44:04 UTC,1,,0,4. Neutral,1,5. Somewhat Agree,1,5. Somewhat Agree,1,3. Somewhat Disagree,1,3. Somewhat Disagree,1,The interviewer look at something on the right when thinking about the answer. His hand gestures don't indicate he was engaging in the interview.,0,,0,6. Agree,1,7. Strongly Agree,1,7. Strongly Agree,1,5. Somewhat Agree,1,7. Strongly Agree,1,I think the intereview video is great in general. One point is that he sometimes rotates the chair which makes him looks like he is not very engaged.
5,2022-04-08 23:23:02 UTC,1,,0,6. Agree,1,6. Agree,1,6. Agree,1,6. Agree,1,6. Agree,1,"The only thing that I did notice was that the individual would say ""um"" very frequently.",1,,0,6. Agree,1,6. Agree,1,6. Agree,1,6. Agree,1,6. Agree,1,I noticed that the individual would often swivel in his chair.,,2022-04-14 13:35:24 UTC,1,,0,6. Agree,1,6. Agree,1,6. Agree,1,6. Agree,1,6. Agree,1,"He says ""um"" sometimes, which is slightly distracting.",0,,0,6. Agree,1,6. Agree,1,6. Agree,1,6. Agree,1,6. Agree,1,"He stumbled slightly in the CODA Video session, and he said ""um"" a couple of times in the Student Center video. However, those were only slightly distracting"
6,2022-04-07 14:10:35 UTC,1,,0,6. Agree,1,6. Agree,1,4. Neutral,1,4. Neutral,1,6. Agree,1,"I did not find anything specifically odd or distracting. One thing to note is that his eye movement was keep looking down, which I assume is where the interface of headworn display is located. But, when people are thinking about things to say, people generally look around and tilt their heads or look at the void. So, i believe the interviewee keep looking at some other spaces does not seem too odd. ",1,,0,7. Strongly Agree,1,6. Agree,1,6. Agree,1,7. Strongly Agree,1,6. Agree,1,"* Compared to when he was wearing the head-worn display, he had more hand gestures and his eye gaze was at the various spaces when he was gathering his thoughts.

* His speech seemed more natural (there were pauses, some stutters, add-ons.. etc). These do not make anything odd or distracting, because these are the natural poses during the speech. 

* He seemed like more of ""himself"". He was comfortable sharing what he knows and what he doesn't know and he seemed more engaged with what kind of information he wanted to bring to the table. ",,2022-04-14 13:47:00 UTC,1,,0,6. Agree,1,6. Agree,1,5. Somewhat Agree,1,5. Somewhat Agree,1,5. Somewhat Agree,1,I haven't noticed anything too odd.,0,,0,5. Somewhat Agree,1,4. Neutral,1,4. Neutral,1,5. Somewhat Agree,1,5. Somewhat Agree,1,No
7,2022-04-07 14:11:11 UTC,1,,0,5. Somewhat Agree,1,5. Somewhat Agree,1,6. Agree,1,6. Agree,1,6. Agree,1,"The interviewee was rotating in his chair, which was somewhat distracting at times.",1,,0,4. Neutral,1,5. Somewhat Agree,1,5. Somewhat Agree,1,6. Agree,1,5. Somewhat Agree,1,"As mentioned previously, the chair rotating was a bit distracting. I think my main criticism was actually that the subject was so far away from the camera - it was actually hard to distinguish whether eye contact was being made or not. ",,2022-04-14 13:43:04 UTC,1,,0,2. Disagree,1,4. Neutral,1,6. Agree,1,6. Agree,1,4. Neutral,1,"Yes, the interviewee kept looking to the right side of the frame during the interview. His eyes also appeared to roll up on occasion. I don’t think this constitutes abnormal behavior but just worth pointing out.",0,,0,3. Somewhat Disagree,1,7. Strongly Agree,1,6. Agree,1,6. Agree,1,6. Agree,1,Not particularly
8,2022-04-07 14:09:44 UTC,1,,0,3. Somewhat Disagree,1,6. Agree,1,5. Somewhat Agree,1,6. Agree,1,5. Somewhat Agree,1,"No, I did not.",1,,0,5. Somewhat Agree,1,6. Agree,1,3. Somewhat Disagree,1,6. Agree,1,3. Somewhat Disagree,1,"The interviewee looked like he was unsure of his answers by looking away so often and by touching his face.,",,2022-04-14 13:42:40 UTC,1,,0,5. Somewhat Agree,1,7. Strongly Agree,1,5. Somewhat Agree,1,6. Agree,1,6. Agree,1,It looked like he kept looking at something next to or behind the camera. ,0,,0,6. Agree,1,5. Somewhat Agree,1,6. Agree,1,6. Agree,1,4. Neutral,1,Nope
9,2022-04-07 14:09:27 UTC,1,,0,6. Agree,1,7. Strongly Agree,1,7. Strongly Agree,1,7. Strongly Agree,1,6. Agree,1,I didn't actually notice anything out of place,1,,0,5. Somewhat Agree,1,5. Somewhat Agree,1,6. Agree,1,6. Agree,1,5. Somewhat Agree,1,"I didn't notice anything out of place in either, however, based on the lesson today, I'm assuming there's a wearable teleprompter or something similar being used, I can't see it though.",,2022-04-14 13:42:21 UTC,1,,0,6. Agree,1,7. Strongly Agree,1,7. Strongly Agree,1,7. Strongly Agree,1,6. Agree,1,"There was a glint in his glasses, but I couldn't tell if it was just a light behind the camera or something else",0,,0,5. Somewhat Agree,1,7. Strongly Agree,1,7. Strongly Agree,1,6. Agree,1,5. Somewhat Agree,1,"This one felt like it had more pauses, and it seemed like he spent more time trying to remember his answers."
10,2022-04-07 14:07:45 UTC,1,,0,5. Somewhat Agree,1,7. Strongly Agree,1,7. Strongly Agree,1,3. Somewhat Disagree,1,7. Strongly Agree,1,Feels more like a practiced talk rather than spontaneous. Seems more formal than someone would say during a random interview. ,1,,0,2. Disagree,1,6. Agree,1,6. Agree,1,6. Agree,1,6. Agree,1,He kept looking down to the left corner. ,,2022-04-14 13:46:02 UTC,1,,0,3. Somewhat Disagree,1,7. Strongly Agree,1,7. Strongly Agree,1,4. Neutral,1,5. Somewhat Agree,1,"It's not conversational, the content sounds like prepared script. ",0,,0,2. Disagree,1,6. Agree,1,6. Agree,1,3. Somewhat Disagree,1,4. Neutral,1,"He kept looking away, and his responses are shorter than the last one. Seems more conversational. "
11,2022-04-07 14:10:43 UTC,1,,0,6. Agree,1,7. Strongly Agree,1,7. Strongly Agree,1,6. Agree,1,6. Agree,1,The participant seemed to rotate a bit in their chair which was a bit distracting.,1,,0,3. Somewhat Disagree,1,5. Somewhat Agree,1,6. Agree,1,6. Agree,1,6. Agree,1,"Yes, the interviewee was spinning a bit in their chair in both videos which was distracting. Also, the fact that there was ""Trash"" written on a sheet of paper and pasted on the cupboard door behind the interviewee and it was captured in the video.",,2022-04-14 13:43:32 UTC,1,,0,6. Agree,1,7. Strongly Agree,1,7. Strongly Agree,1,6. Agree,1,6. Agree,1,"Nothing extremely distracting. I did notice the chair twirling, but it's far less than previous videos.",0,,0,6. Agree,1,7. Strongly Agree,1,7. Strongly Agree,1,7. Strongly Agree,1,6. Agree,1,"Just the slight chair twirling thing. But it wasn't too distracting. I think in all the videos I marked eye contact as an ""Agree"" because he does look away when he's thinking, but it's not out of the ordinary or distracting."
12,2022-04-07 14:21:24 UTC,1,,0,6. Agree,1,6. Agree,1,6. Agree,1,7. Strongly Agree,1,5. Somewhat Agree,1,The quality of the video and audio was not the best and I had trouble hearing what he was saying at some points in the video. ,1,,0,4. Neutral,1,5. Somewhat Agree,1,4. Neutral,1,6. Agree,1,4. Neutral,1,The background was very distracting because there was a lot of stuff behind him and he was shifting around and moving a lot in the second video. ,,2022-04-14 13:40:16 UTC,1,,0,6. Agree,1,6. Agree,1,6. Agree,1,3. Somewhat Disagree,1,6. Agree,1,He looked very bored in between questions.,0,,0,5. Somewhat Agree,1,6. Agree,1,6. Agree,1,5. Somewhat Agree,1,6. Agree,1,Not in the second one
13,2022-04-07 13:54:43 UTC,1,,0,7. Strongly Agree,1,7. Strongly Agree,1,7. Strongly Agree,1,7. Strongly Agree,1,6. Agree,1,"Yes, the place had a cupboard and some writing which can be distracting.",1,,0,1. Strongly Disagree,1,1. Strongly Disagree,1,2. Disagree,1,3. Somewhat Disagree,1,2. Disagree,1,i think the room for interview had too many distractions.,,2022-04-14 13:39:29 UTC,1,,0,7. Strongly Agree,1,7. Strongly Agree,1,6. Agree,1,6. Agree,1,6. Agree,1,The TV behind,0,,0,2. Disagree,1,3. Somewhat Disagree,1,3. Somewhat Disagree,1,5. Somewhat Agree,1,4. Neutral,1,The files
14,2022-04-07 14:13:41 UTC,1,,0,6. Agree,1,7. Strongly Agree,1,7. Strongly Agree,1,6. Agree,1,7. Strongly Agree,1,"I do not see anything out of place, odd, or distracting during this session",1,,0,3. Somewhat Disagree,1,6. Agree,1,6. Agree,1,6. Agree,1,5. Somewhat Agree,1,"I do not see anything out of place, odd, or distracting during this session either",,2022-04-14 13:44:59 UTC,1,,0,5. Somewhat Agree,1,7. Strongly Agree,1,6. Agree,1,7. Strongly Agree,1,6. Agree,1,"No, I did not notice anything out of place, odd, or distracting in the session.",0,,0,5. Somewhat Agree,1,6. Agree,1,6. Agree,1,6. Agree,1,6. Agree,1,"I did not notice anything out of place, odd, or distracting in the sessions."
15,2022-04-07 14:11:08 UTC,1,,0,6. Agree,1,6. Agree,1,6. Agree,1,6. Agree,1,4. Neutral,1,"I mean sometimes the interviewee restarted sentences but not in a weird way, I do that when talking too. Idk he seemed really knowledgeable. ",1,,0,5. Somewhat Agree,1,6. Agree,1,6. Agree,1,6. Agree,1,5. Somewhat Agree,1,"This time he kept looking down and to his left which was a little weird, normally if someone is thinking they will look up. Also this time there seemed a little more personal opinion?",,2022-04-14 13:42:47 UTC,1,,0,6. Agree,1,5. Somewhat Agree,1,6. Agree,1,5. Somewhat Agree,1,5. Somewhat Agree,1,"I now know that this guy just looks down to the left when he thinks but it's still kinda weird, since we're hyper-analzying his mannerisms.

Phase 2 of the student center was originally supposed to be finished this spring and now I'm sad that I won't get to see it :( also rip Auntie Anne's",0,,0,6. Agree,1,6. Agree,1,6. Agree,1,6. Agree,1,5. Somewhat Agree,1,"He restarted sentences a few times, still looking down to the left but he was speaking faster this time. Honestly, he was talking kind of too fast. Also, there was something reflected in his glasses that kept getting in the way of seeing his actual eyes, which may or may not have been there last time but I noticed it this time."
16,2022-04-07 14:11:20 UTC,1,,0,6. Agree,1,5. Somewhat Agree,1,6. Agree,1,7. Strongly Agree,1,7. Strongly Agree,1,The only distracting aspect was the noise from the surrounding environment picked up by the microphone. This made it slightly harder to comprehend the interviewee.,1,,0,3. Somewhat Disagree,1,3. Somewhat Disagree,1,5. Somewhat Agree,1,2. Disagree,1,2. Disagree,1,"Particularly in the beginning, it appeared as if the interviewee was looking down to read off of a script or document.",,2022-04-14 13:46:13 UTC,1,,0,5. Somewhat Agree,1,5. Somewhat Agree,1,5. Somewhat Agree,1,5. Somewhat Agree,1,5. Somewhat Agree,1,,0,,0,4. Neutral,1,5. Somewhat Agree,1,5. Somewhat Agree,1,5. Somewhat Agree,1,5. Somewhat Agree,1,
17,2022-04-07 14:08:01 UTC,1,,0,6. Agree,1,6. Agree,1,6. Agree,1,7. Strongly Agree,1,6. Agree,1,"Overall, the interviewee answered the questions very well and made good eye contact. One thing that was distracting which I am not sure if it is due to the actual video audio quality or the fact that video was played on the projector, but the audio at moments was quite bad and made it hard to listen to. ",1,,0,6. Agree,1,6. Agree,1,6. Agree,1,6. Agree,1,6. Agree,1,"Similar to the first video, the audio, although I am not sure if it is the video quality or the fact that the video was played on the projector. Another thing is that sometimes the hand movements are quite a lot and can be distracting so maybe toning down on the hand gestures would be helpful for some. ",,2022-04-14 13:42:46 UTC,1,,0,6. Agree,1,6. Agree,1,6. Agree,1,6. Agree,1,6. Agree,1,"No, I thought overall his answers were good and his hand movement seemed to be reduced from the earlier videos. ",0,,0,6. Agree,1,7. Strongly Agree,1,7. Strongly Agree,1,7. Strongly Agree,1,6. Agree,1,I didnt notice anything out of place or distracting in either of the sessions. 
18,2022-04-07 14:12:09 UTC,1,,0,6. Agree,1,6. Agree,1,5. Somewhat Agree,1,6. Agree,1,6. Agree,1,"I did not notice anything too out of place, odd, or distracting in the session. I think potentially something that might have been distracting are the hand gestures that the interviewee was making as they were articulating their responses. It's not odd but something that drew my attention. ",1,,0,5. Somewhat Agree,1,6. Agree,1,4. Neutral,1,6. Agree,1,5. Somewhat Agree,1,"Aside from my distractions regarding the movements of the interviewee, nothing else was too out of place or odd. ",,2022-04-14 13:42:52 UTC,1,,0,7. Strongly Agree,1,7. Strongly Agree,1,6. Agree,1,7. Strongly Agree,1,7. Strongly Agree,1,I didn't notice anything too distracting or out of place or odd in this session. ,0,,0,6. Agree,1,6. Agree,1,6. Agree,1,6. Agree,1,6. Agree,1,Nothing too much out of place in this session but we can see more of the interviewee's body and hand language in this video which might be distracting in a sense but I think it's also useful in terms of more information. 
19,2022-04-07 14:16:17 UTC,1,,0,6. Agree,1,6. Agree,1,7. Strongly Agree,1,6. Agree,1,7. Strongly Agree,1,No,1,,0,6. Agree,1,6. Agree,1,7. Strongly Agree,1,6. Agree,1,6. Agree,1,"No

Except that the quality of the interviewee's voice is not great. Maybe a closer (attached microphone would help). ",,2022-04-14 13:42:59 UTC,1,,0,7. Strongly Agree,1,6. Agree,1,7. Strongly Agree,1,6. Agree,1,6. Agree,1,No,0,,0,7. Strongly Agree,1,6. Agree,1,7. Strongly Agree,1,7. Strongly Agree,1,6. Agree,1,No
20,2022-04-07 14:10:25 UTC,1,,0,6. Agree,1,6. Agree,1,6. Agree,1,6. Agree,1,6. Agree,1,He swiveled a little in his chair.,1,,0,5. Somewhat Agree,1,2. Disagree,1,2. Disagree,1,5. Somewhat Agree,1,1. Strongly Disagree,1,"In both videos, he swiveled in his chair, which was a little distracting. In the Free Speech video, he kept pausing, interrupting himself, and changing what he was saying, which made it hard to understand. He was lengthy in his descriptions, which distracted from the content.",,2022-04-14 13:50:00 UTC,1,,0,6. Agree,1,5. Somewhat Agree,1,6. Agree,1,6. Agree,1,6. Agree,1,Not really.,0,,0,2. Disagree,1,3. Somewhat Disagree,1,2. Disagree,1,2. Disagree,1,2. Disagree,1,He was awkwardly pausing and swiveling around in his chair.
21,2022-04-07 14:11:32 UTC,1,,0,7. Strongly Agree,1,6. Agree,1,6. Agree,1,6. Agree,1,6. Agree,1,There was a lot of body movement: movement with arms as well rotating on the chair. This was slightly distracting and was tough to focus on the content.,1,,0,5. Somewhat Agree,1,6. Agree,1,6. Agree,1,5. Somewhat Agree,1,6. Agree,1,"The repeated slightly outwards gaze of the interviewee was distracting and made me look in that direction as well a couple of times. The hand movements too were distracting. In terms of the background, there was a lot of elements that would draw the interest of the interviewer/observer even if only to check it out.",,2022-04-14 13:45:42 UTC,1,,0,6. Agree,1,7. Strongly Agree,1,7. Strongly Agree,1,7. Strongly Agree,1,7. Strongly Agree,1,No. The interviewee captured my attention continuously and was engaged in a good conversation.,0,,0,6. Agree,1,7. Strongly Agree,1,7. Strongly Agree,1,7. Strongly Agree,1,7. Strongly Agree,1,"No, nothing was out of place or odd in either of the sessions about the CODA or student center"
22,2022-04-07 14:13:06 UTC,1,,0,6. Agree,1,6. Agree,1,6. Agree,1,7. Strongly Agree,1,7. Strongly Agree,1,"The signs in the back of the video pasted on the cabinets was kind of distracting (the ""Move to TSRB 217"" and ""TRASH"")",1,,0,6. Agree,1,6. Agree,1,6. Agree,1,6. Agree,1,4. Neutral,1,"In this video, I think the subject had some more awkward pauses as compared to the previous video",,2022-04-14 13:39:48 UTC,1,,0,6. Agree,1,5. Somewhat Agree,1,7. Strongly Agree,1,6. Agree,1,6. Agree,1,comments below,0,,0,6. Agree,1,7. Strongly Agree,1,7. Strongly Agree,1,6. Agree,1,3. Somewhat Disagree,1,"Both sessions: The overall tint of the videos were green - a more balanced color treatment of the videos would have been better. As usual, a plain shirt on a more plain background would have been less distracting."
23,2022-04-07 14:17:13 UTC,1,,0,6. Agree,1,7. Strongly Agree,1,6. Agree,1,7. Strongly Agree,1,7. Strongly Agree,1,"The interviewee gesticulated too much with his left arm, which was distracting.",1,,0,5. Somewhat Agree,1,6. Agree,1,4. Neutral,1,5. Somewhat Agree,1,5. Somewhat Agree,1,"The interviewee wiggled with his chair while waiting for the interviewer to ask the next question, which was distracting.",,2022-04-14 13:43:54 UTC,1,,0,6. Agree,1,7. Strongly Agree,1,7. Strongly Agree,1,7. Strongly Agree,1,7. Strongly Agree,1,"The interviewee made a forced smile between the responses, indicating stress.",0,,0,3. Somewhat Disagree,1,5. Somewhat Agree,1,4. Neutral,1,4. Neutral,1,3. Somewhat Disagree,1,"The interviewee made a forced smile between the responses, indicating stress."
24,2022-04-07 14:09:09 UTC,1,,0,5. Somewhat Agree,1,7. Strongly Agree,1,6. Agree,1,6. Agree,1,6. Agree,1,He would sometimes swivel his chair when he was not talking. He used a lot of hand gestures and often made circular movements with them. Other than that I think his manner of speaking and body language was rather normal.,1,,0,5. Somewhat Agree,1,5. Somewhat Agree,1,4. Neutral,1,5. Somewhat Agree,1,5. Somewhat Agree,1,"He swivels his chair a lot in this video. He also avoids making eye contact, slows down his speech, and uses more fillers when posed with a question that he isn't particularly knowledgeable about. ",,2022-04-14 13:42:36 UTC,1,,0,5. Somewhat Agree,1,5. Somewhat Agree,1,5. Somewhat Agree,1,5. Somewhat Agree,1,5. Somewhat Agree,1,"When not speaking, he bites his lib. His eye contact is a little all over the place as he sometimes looks around the room. ",0,,0,6. Agree,1,5. Somewhat Agree,1,5. Somewhat Agree,1,6. Agree,1,6. Agree,1,He repeats his word choices. He also bites his lip alot and overuses hand gestures. 
25,2022-04-07 14:11:18 UTC,1,,0,3. Somewhat Disagree,1,6. Agree,1,6. Agree,1,6. Agree,1,5. Somewhat Agree,1,"The interviewee had good answers to the questions, but his tendencies to sometimes look away from the camera could potentially be distracting",1,,0,2. Disagree,1,6. Agree,1,7. Strongly Agree,1,5. Somewhat Agree,1,4. Neutral,1,No; this interview flowed well and the answers were detailed and relevant,,2022-04-14 13:41:34 UTC,1,,0,3. Somewhat Disagree,1,7. Strongly Agree,1,6. Agree,1,6. Agree,1,5. Somewhat Agree,1,The answers were good but the interviewee tended to look away from the camera ,0,,0,6. Agree,1,7. Strongly Agree,1,6. Agree,1,5. Somewhat Agree,1,6. Agree,1,There was more eye contact this time which made it less distracting than the last video 
26,2022-04-07 14:09:33 UTC,1,,0,5. Somewhat Agree,1,6. Agree,1,6. Agree,1,7. Strongly Agree,1,4. Neutral,1,I thought he was fidgeting a good amount while he spoke and it was distracting and the buzzing noise in the background was a bit distracting,1,,0,2. Disagree,1,5. Somewhat Agree,1,4. Neutral,1,5. Somewhat Agree,1,3. Somewhat Disagree,1,He was using a lot of hand gestures that helped potentially bolster his argument even though he seemed awkward and flustered with his thoughts sometimes.,,2022-04-14 13:42:54 UTC,1,,0,6. Agree,1,7. Strongly Agree,1,5. Somewhat Agree,1,7. Strongly Agree,1,5. Somewhat Agree,1,"Not many out of place moments this video. He mainly had less hand gestures, but seemed more confident in what he was talking about. He also would repeat himself a few times.",0,,0,4. Neutral,1,4. Neutral,1,5. Somewhat Agree,1,6. Agree,1,3. Somewhat Disagree,1,He just seemed a little for distracted compared to the other videos.
27,2022-04-07 14:11:34 UTC,1,,0,6. Agree,1,7. Strongly Agree,1,6. Agree,1,7. Strongly Agree,1,6. Agree,1,No,1,,0,6. Agree,1,5. Somewhat Agree,1,6. Agree,1,6. Agree,1,5. Somewhat Agree,1,No,,2022-04-14 13:42:35 UTC,1,,0,5. Somewhat Agree,1,6. Agree,1,6. Agree,1,6. Agree,1,5. Somewhat Agree,1, No,0,,0,6. Agree,1,7. Strongly Agree,1,6. Agree,1,6. Agree,1,6. Agree,1,No
28,2022-04-07 14:07:11 UTC,1,,0,6. Agree,1,7. Strongly Agree,1,6. Agree,1,6. Agree,1,5. Somewhat Agree,1,"I did not notice anything out of place, odd, distracting in the session. The interview was conducted well. The topic is engaging ",1,,0,2. Disagree,1,4. Neutral,1,4. Neutral,1,6. Agree,1,2. Disagree,1,I aware of what to focus in the interview. I notice the interviewee looked down many times. It could because he may have prepared script for the interview. I also noticed he paused more than the last video,,2022-04-14 13:39:29 UTC,1,,0,6. Agree,1,7. Strongly Agree,1,6. Agree,1,6. Agree,1,7. Strongly Agree,1,"No, I did not notice anything out of place.",0,,0,2. Disagree,1,7. Strongly Agree,1,6. Agree,1,7. Strongly Agree,1,5. Somewhat Agree,1,"It could be because of light, but there is something on his right side glasses"
29,2022-04-07 14:35:40 UTC,1,,0,6. Agree,1,5. Somewhat Agree,1,5. Somewhat Agree,1,6. Agree,1,4. Neutral,1,"No, I did not notice anything out of place, odd, or distracting in the session.",1,,0,5. Somewhat Agree,1,6. Agree,1,5. Somewhat Agree,1,4. Neutral,1,7. Strongly Agree,1,"No, I did not notice anything out of place, odd, or distracting in the session.",,2022-04-14 13:38:05 UTC,1,,0,6. Agree,1,6. Agree,1,5. Somewhat Agree,1,6. Agree,1,5. Somewhat Agree,1,"No, I did not notice anything out of place, odd, or distracting in the session.",0,,0,5. Somewhat Agree,1,6. Agree,1,4. Neutral,1,6. Agree,1,5. Somewhat Agree,1,"No, I did not notice anything out of place, odd, or distracting in both sessions."
30,2022-04-07 14:40:38 UTC,1,,0,4. Neutral,1,6. Agree,1,5. Somewhat Agree,1,4. Neutral,1,6. Agree,1,I didn't. I was focused on what the interviewee was saying.,1,,0,4. Neutral,1,6. Agree,1,6. Agree,1,4. Neutral,1,6. Agree,1,I didn't. I was focused on what the interviewee was saying.,,2022-04-14 13:38:44 UTC,1,,0,6. Agree,1,6. Agree,1,4. Neutral,1,4. Neutral,1,6. Agree,1,I cannot remember. I was focused on the speaker.,0,,0,4. Neutral,1,6. Agree,1,4. Neutral,1,4. Neutral,1,6. Agree,1,"I didn't notice anything odd. ""Odd"" also depends on what exactly we're talking about. The monitor behind the speaker, the drawers, the books?"
31,2022-04-07 14:09:19 UTC,1,,0,4. Neutral,1,5. Somewhat Agree,1,5. Somewhat Agree,1,5. Somewhat Agree,1,5. Somewhat Agree,1,"I word ""Trash"" on the cabinet was distracting at first. Also, I found the painting on the left was quite intriguing. ",1,,0,5. Somewhat Agree,1,4. Neutral,1,5. Somewhat Agree,1,4. Neutral,1,5. Somewhat Agree,1,"The painting and ""trash"" label were distracting me in both sessions. The movement of his chair at the beginning of the video showed signs of nervousness which was distracting at first.  ",,2022-04-14 13:41:20 UTC,1,,0,5. Somewhat Agree,1,6. Agree,1,5. Somewhat Agree,1,6. Agree,1,4. Neutral,1,,0,,0,5. Somewhat Agree,1,5. Somewhat Agree,1,4. Neutral,1,6. Agree,1,6. Agree,1,
32,2022-04-07 14:13:57 UTC,1,,0,6. Agree,1,7. Strongly Agree,1,7. Strongly Agree,1,5. Somewhat Agree,1,6. Agree,1,I did not notice anything odd in the first video.,1,,0,5. Somewhat Agree,1,4. Neutral,1,6. Agree,1,5. Somewhat Agree,1,4. Neutral,1,It caught my attention when the interviewee stopped a sentence halfway and mentioned that they were unsure.,,2022-04-14 13:46:54 UTC,1,,0,6. Agree,1,7. Strongly Agree,1,7. Strongly Agree,1,7. Strongly Agree,1,6. Agree,1,Nothing.,0,,0,3. Somewhat Disagree,1,6. Agree,1,7. Strongly Agree,1,4. Neutral,1,4. Neutral,1,"I found it a little difficult to follow in x1 speed, possibly because of the pauses. I felt that was more eye contact in the first video than in the second."
33,2022-04-07 14:12:47 UTC,1,,0,6. Agree,1,7. Strongly Agree,1,7. Strongly Agree,1,6. Agree,1,6. Agree,1,Lots of hand gestures during speaking.,1,,0,5. Somewhat Agree,1,6. Agree,1,6. Agree,1,6. Agree,1,4. Neutral,1,There are more pauses and filler phrases than the previous one.,,2022-04-14 13:38:23 UTC,1,,0,6. Agree,1,7. Strongly Agree,1,7. Strongly Agree,1,6. Agree,1,6. Agree,1,,0,,0,6. Agree,1,7. Strongly Agree,1,7. Strongly Agree,1,6. Agree,1,5. Somewhat Agree,1,
34,2022-04-07 14:12:02 UTC,1,,0,4. Neutral,1,6. Agree,1,4. Neutral,1,6. Agree,1,5. Somewhat Agree,1,I didn't notice anything odd or distracting in the session,1,,0,4. Neutral,1,5. Somewhat Agree,1,4. Neutral,1,4. Neutral,1,3. Somewhat Disagree,1,The interviewee seems unsure and uncertain about his answer.,,2022-04-14 13:45:31 UTC,1,,0,3. Somewhat Disagree,1,6. Agree,1,6. Agree,1,5. Somewhat Agree,1,5. Somewhat Agree,1,"I didn’t notice anything out of pace, odd or distracting",0,,0,4. Neutral,1,6. Agree,1,6. Agree,1,6. Agree,1,5. Somewhat Agree,1,"I didn’t notice anything out of pace, odd or distracting"
35,2022-04-07 14:16:39 UTC,1,,0,7. Strongly Agree,1,7. Strongly Agree,1,7. Strongly Agree,1,7. Strongly Agree,1,7. Strongly Agree,1,Nothing specific that I could notice.,1,,0,3. Somewhat Disagree,1,5. Somewhat Agree,1,5. Somewhat Agree,1,5. Somewhat Agree,1,3. Somewhat Disagree,1,"For Free Speech Video, the interviewee seems to be distracted by something outside the scene, and he seems to hold back from laughing multiple times during the interview.

For Eminent Domain Video, as I mentioned above, there is nothing specific that I could notice that is odd or out of place.",,2022-04-14 13:43:28 UTC,1,,0,5. Somewhat Agree,1,7. Strongly Agree,1,7. Strongly Agree,1,6. Agree,1,6. Agree,1,Not really. All look normal to me.,0,,0,3. Somewhat Disagree,1,6. Agree,1,6. Agree,1,6. Agree,1,6. Agree,1,"The interviewer has more movement (i.e., gestures, rotating the chair), compared to that in the ""Student Center Video""."
36,2022-04-07 14:07:35 UTC,1,,0,5. Somewhat Agree,1,6. Agree,1,5. Somewhat Agree,1,5. Somewhat Agree,1,3. Somewhat Disagree,1,no I don't see anything out of place,1,,0,3. Somewhat Disagree,1,5. Somewhat Agree,1,5. Somewhat Agree,1,5. Somewhat Agree,1,5. Somewhat Agree,1,I didn't find anything,,2022-04-14 13:38:38 UTC,1,,0,5. Somewhat Agree,1,6. Agree,1,6. Agree,1,6. Agree,1,6. Agree,1,"There was a lot of information about the food places, and there was a glare in the glasses.",0,,0,3. Somewhat Disagree,1,5. Somewhat Agree,1,5. Somewhat Agree,1,5. Somewhat Agree,1,5. Somewhat Agree,1,"He just looked to the side a lot, which might be just thinking"
37,2022-04-07 14:09:39 UTC,1,,0,6. Agree,1,7. Strongly Agree,1,5. Somewhat Agree,1,7. Strongly Agree,1,7. Strongly Agree,1,"His hand movements were distracting. He had a tendency to make hand movements as he speaks. Because he had his elbows on the arms rests of the chair, his hands were closer to his face, making it more distracting.",1,,0,3. Somewhat Disagree,1,5. Somewhat Agree,1,5. Somewhat Agree,1,3. Somewhat Disagree,1,5. Somewhat Agree,1,His hand movements were distracting.,,2022-04-14 13:43:58 UTC,1,,0,6. Agree,1,7. Strongly Agree,1,7. Strongly Agree,1,7. Strongly Agree,1,6. Agree,1,"Nothing out of place or odd, but the glare on the interviewee's glasses when he moved occasionally was somewhat distracting.",0,,0,5. Somewhat Agree,1,7. Strongly Agree,1,6. Agree,1,6. Agree,1,6. Agree,1,The only thing distracting was his hand movements. But also it does seem odd that he knew very specific facts like how many people the conference rooms hold.
38,2022-04-07 14:21:10 UTC,1,,0,6. Agree,1,5. Somewhat Agree,1,6. Agree,1,7. Strongly Agree,1,7. Strongly Agree,1,Not very much. Sometimes the interviewee would spin at an angle in his chair but it was minor.,1,,0,4. Neutral,1,3. Somewhat Disagree,1,3. Somewhat Disagree,1,5. Somewhat Agree,1,1. Strongly Disagree,1,"In the Free Speech video the speaker sometimes made sharp gestures that seemed out of place and would state content slowly and a bit confusingly. They also didn't seem to answer the final question completely and had awkward inserts like ""so yeah"" and ""um"". ",,2022-04-14 13:45:39 UTC,1,,0,6. Agree,1,7. Strongly Agree,1,7. Strongly Agree,1,7. Strongly Agree,1,6. Agree,1,Not ver much. Sometimes there was an awkward moment after the answer was complete but before the next question; the interviewee sometime would smile a bit awkwardly and this would take my attention away from the topic of the student center and towards the level of awkwardness. ,0,,0,6. Agree,1,7. Strongly Agree,1,6. Agree,1,6. Agree,1,5. Somewhat Agree,1,"Sometimes the interviewee would stutter or say small phrases like ""hmm what else"" in the Coda video which was a little distracting from the topic and the flow of info. "
39,2022-04-12 08:07:43 UTC,1,,0,6. Agree,1,6. Agree,1,7. Strongly Agree,1,6. Agree,1,6. Agree,1,No I did not notice anything out of place during this session. ,1,,0,5. Somewhat Agree,1,6. Agree,1,6. Agree,1,6. Agree,1,6. Agree,1,I did not notice anything out of place in either of the videos. ,,2022-04-14 13:48:37 UTC,1,,0,5. Somewhat Agree,1,4. Neutral,1,3. Somewhat Disagree,1,5. Somewhat Agree,1,2. Disagree,1,At times it didn’t feel the interviewee was being very natural in speech.,0,,0,5. Somewhat Agree,1,5. Somewhat Agree,1,6. Agree,1,5. Somewhat Agree,1,5. Somewhat Agree,1,nothing odd or distracting 
40,2022-04-07 14:09:23 UTC,1,,0,6. Agree,1,7. Strongly Agree,1,6. Agree,1,7. Strongly Agree,1,6. Agree,1,The interviewee uses his hands a lot when he's talking which was a bit distracting but it was not significant. ,1,,0,5. Somewhat Agree,1,6. Agree,1,6. Agree,1,7. Strongly Agree,1,5. Somewhat Agree,1,"As I mentioned before, the interviewee uses waves his arms a bit when he talks which can distract sometimes since his voice is monotone. In the Free Speech video, he was more unsure about his answers and had more pauses. ",,2022-04-14 13:37:45 UTC,1,,0,7. Strongly Agree,1,7. Strongly Agree,1,7. Strongly Agree,1,7. Strongly Agree,1,6. Agree,1,No I did not notice anything odd or distracting ,0,,0,6. Agree,1,7. Strongly Agree,1,6. Agree,1,7. Strongly Agree,1,7. Strongly Agree,1,nothing was distracting or out of place in either session 
41,2022-04-07 14:13:30 UTC,1,,0,6. Agree,1,7. Strongly Agree,1,7. Strongly Agree,1,6. Agree,1,7. Strongly Agree,1,"I noticed the person used their right hand a lot when speaking, but I only found this slightly distracting. I did not find anything out of place, odd, or too distracting with the session. The conversation was well paced and informative. ",1,,0,3. Somewhat Disagree,1,5. Somewhat Agree,1,6. Agree,1,5. Somewhat Agree,1,5. Somewhat Agree,1,"I think the interviewee maintained less eye contact than the first video. Like the last video I noticed that the interviewee used their right hand a lot when speaking. Similar to the first video I didn't notice anything out of place, odd, or distracting. I'm currently wondering if there was something that I was supposed to find distracting or out of place.",,2022-04-14 13:42:58 UTC,1,,0,7. Strongly Agree,1,6. Agree,1,6. Agree,1,6. Agree,1,6. Agree,1,I did not notice anything out of place or out of the ordinary during the session.,0,,0,5. Somewhat Agree,1,6. Agree,1,6. Agree,1,7. Strongly Agree,1,6. Agree,1,I did not notice anything out of place or out of the ordinary during the session. There was less eye contact in this video.
42,2022-04-07 14:10:46 UTC,1,,0,6. Agree,1,6. Agree,1,6. Agree,1,6. Agree,1,7. Strongly Agree,1,No,1,,0,7. Strongly Agree,1,6. Agree,1,6. Agree,1,6. Agree,1,6. Agree,1,No,,2022-04-14 13:43:22 UTC,1,,0,6. Agree,1,6. Agree,1,6. Agree,1,6. Agree,1,6. Agree,1,No,0,,0,6. Agree,1,6. Agree,1,4. Neutral,1,6. Agree,1,5. Somewhat Agree,1,No
43,2022-04-07 14:14:00 UTC,1,,0,6. Agree,1,7. Strongly Agree,1,7. Strongly Agree,1,7. Strongly Agree,1,5. Somewhat Agree,1,"Subject was off-center from the frame, he was oddly placed.

The audio was pretty terrible quality and a little ""pitchy""

Lots of background noise.

Interview voice was way too loud compared to the other voice.",1,,0,3. Somewhat Disagree,1,3. Somewhat Disagree,1,4. Neutral,1,5. Somewhat Agree,1,2. Disagree,1,"The answers seemed very specific but unrelatable.

(Same from last video:)

Subject was off-center from the frame, he was oddly placed.

The audio was pretty terrible quality and a little ""pitchy""

Lots of background noise.

Interview voice was way too loud compared to the other voice.",,2022-04-14 13:43:51 UTC,1,,0,6. Agree,1,7. Strongly Agree,1,7. Strongly Agree,1,7. Strongly Agree,1,5. Somewhat Agree,1,"Auntie Annes was mentioned twice

The interviewee changed topics several times and jumped around between responses for different questions.",0,,0,6. Agree,1,5. Somewhat Agree,1,5. Somewhat Agree,1,5. Somewhat Agree,1,5. Somewhat Agree,1,The interviewee seemed a little less focussed  on the questions and more concerned about his answers.
44,2022-04-07 14:15:06 UTC,1,,0,5. Somewhat Agree,1,6. Agree,1,6. Agree,1,6. Agree,1,6. Agree,1,"I didn't notice anything out of the ordinary in the session - it seemed to me like a standard interview. I could focus on the interviewee's answers, as there wasn't anything distracting that occurred. ",1,,0,5. Somewhat Agree,1,5. Somewhat Agree,1,5. Somewhat Agree,1,6. Agree,1,5. Somewhat Agree,1,"There was nothing out of place that I took note of in either session, as both interviews followed a standard interview format. The interviewee was rocking in his chair while answering some of the questions in the Free Speech Video, which was a bit distracting, but not overwhelming in any sort of way. ",,2022-04-14 13:36:18 UTC,1,,0,6. Agree,1,7. Strongly Agree,1,6. Agree,1,6. Agree,1,6. Agree,1,"No, seemed like a typical interview - nothing out of the ordinary.",0,,0,6. Agree,1,6. Agree,1,6. Agree,1,6. Agree,1,5. Somewhat Agree,1,"No, seemed like a typical interview - nothing out of the ordinary."
45,2022-04-07 14:20:55 UTC,1,,0,6. Agree,1,6. Agree,1,5. Somewhat Agree,1,6. Agree,1,6. Agree,1,No,1,,0,2. Disagree,1,4. Neutral,1,3. Somewhat Disagree,1,5. Somewhat Agree,1,2. Disagree,1,Yes,,2022-04-14 13:42:48 UTC,1,,0,6. Agree,1,7. Strongly Agree,1,6. Agree,1,6. Agree,1,6. Agree,1,No,0,,0,3. Somewhat Disagree,1,5. Somewhat Agree,1,4. Neutral,1,5. Somewhat Agree,1,5. Somewhat Agree,1,Yes
46,2022-04-07 14:11:04 UTC,1,,0,3. Somewhat Disagree,1,6. Agree,1,3. Somewhat Disagree,1,7. Strongly Agree,1,6. Agree,1,"I believe it was very odd that the interviewee seemed to constantly smirk to the bottom right before every question and during the answering of the question, as if there was some screen or some paper he was reading from in order to get information. It was distracting because it broke the eye contact with me as the audience and with the interviewer as well.",1,,0,3. Somewhat Disagree,1,5. Somewhat Agree,1,2. Disagree,1,7. Strongly Agree,1,5. Somewhat Agree,1,"I have exactly the same observation as I had for the first video, the smirking to the bottom right as if there was something to read from.",,2022-04-14 13:43:11 UTC,1,,0,3. Somewhat Disagree,1,6. Agree,1,6. Agree,1,5. Somewhat Agree,1,5. Somewhat Agree,1,"Same thing as last time, repeatedly looks to the left when talking.",0,,0,2. Disagree,1,6. Agree,1,6. Agree,1,5. Somewhat Agree,1,5. Somewhat Agree,1,Same thing about looking to the left all of the time.
47,2022-04-07 14:10:41 UTC,1,,0,6. Agree,1,7. Strongly Agree,1,7. Strongly Agree,1,7. Strongly Agree,1,7. Strongly Agree,1,No I did not notice anything ,1,,0,5. Somewhat Agree,1,6. Agree,1,6. Agree,1,7. Strongly Agree,1,6. Agree,1,"No, there did not seem to be anything out of the ordinary",,2022-04-14 13:42:39 UTC,1,,0,6. Agree,1,7. Strongly Agree,1,7. Strongly Agree,1,7. Strongly Agree,1,7. Strongly Agree,1,No,0,,0,6. Agree,1,7. Strongly Agree,1,7. Strongly Agree,1,7. Strongly Agree,1,6. Agree,1,no
48,2022-04-07 14:09:04 UTC,1,,0,6. Agree,1,7. Strongly Agree,1,6. Agree,1,7. Strongly Agree,1,7. Strongly Agree,1,Nothing noticeably out of place. Perhaps the interviewee could avoid spinning in his chair.,1,,0,5. Somewhat Agree,1,7. Strongly Agree,1,7. Strongly Agree,1,7. Strongly Agree,1,5. Somewhat Agree,1,Same comment as above.,,2022-04-14 13:42:18 UTC,1,,0,6. Agree,1,7. Strongly Agree,1,7. Strongly Agree,1,6. Agree,1,6. Agree,1,Nothing appeared out of place in this one.,0,,0,6. Agree,1,7. Strongly Agree,1,7. Strongly Agree,1,7. Strongly Agree,1,7. Strongly Agree,1,Nothing appeared out of place here.
49,2022-04-07 14:35:44 UTC,1,,0,5. Somewhat Agree,1,5. Somewhat Agree,1,3. Somewhat Disagree,1,5. Somewhat Agree,1,6. Agree,1,The background noise,1,,0,3. Somewhat Disagree,1,4. Neutral,1,5. Somewhat Agree,1,5. Somewhat Agree,1,3. Somewhat Disagree,1,The background noise,,2022-04-14 13:40:45 UTC,1,,0,6. Agree,1,6. Agree,1,7. Strongly Agree,1,6. Agree,1,6. Agree,1,The interviewee’s hand movements,0,,0,5. Somewhat Agree,1,5. Somewhat Agree,1,5. Somewhat Agree,1,4. Neutral,1,3. Somewhat Disagree,1,The interviewer didn’t have flow in his answers
50,2022-04-07 14:12:33 UTC,1,,0,6. Agree,1,6. Agree,1,6. Agree,1,6. Agree,1,6. Agree,1,"No, I thought it was very straightforward, he just responded to the questions asked. I think the setting was maybe odd in that I am not sure what the interview was for and the formality.",1,,0,6. Agree,1,4. Neutral,1,5. Somewhat Agree,1,6. Agree,1,5. Somewhat Agree,1,"No, similar to the other response I thought both were fairly straightforward, he just responded to the questions asked. I think the setting could have been more plain. In the free speech video there were parts where it seemed like he wasn't sure at first.",,2022-04-14 13:42:56 UTC,1,,0,6. Agree,1,6. Agree,1,6. Agree,1,6. Agree,1,6. Agree,1,"Some parts seem a little scripted, but otherwise seemed normal.",0,,0,6. Agree,1,6. Agree,1,6. Agree,1,6. Agree,1,6. Agree,1,His speaking in this video didn't seem as smooth.
51,2022-04-07 14:09:30 UTC,1,,0,6. Agree,1,6. Agree,1,5. Somewhat Agree,1,5. Somewhat Agree,1,5. Somewhat Agree,1,No,1,,0,5. Somewhat Agree,1,5. Somewhat Agree,1,5. Somewhat Agree,1,6. Agree,1,4. Neutral,1,No,,2022-04-14 13:42:43 UTC,1,,0,6. Agree,1,6. Agree,1,6. Agree,1,6. Agree,1,5. Somewhat Agree,1,No,0,,0,5. Somewhat Agree,1,6. Agree,1,6. Agree,1,6. Agree,1,5. Somewhat Agree,1,No
52,2022-04-07 14:11:31 UTC,1,,0,5. Somewhat Agree,1,6. Agree,1,6. Agree,1,6. Agree,1,4. Neutral,1,"Nothing in particular stood out to me as out of place, odd or distracting.",1,,0,4. Neutral,1,4. Neutral,1,5. Somewhat Agree,1,6. Agree,1,2. Disagree,1,"Nothing in particular stood out to me as out of place, odd or distracting.",,2022-04-14 13:42:50 UTC,1,,0,7. Strongly Agree,1,6. Agree,1,6. Agree,1,6. Agree,1,6. Agree,1,Nothing in particular caught my eye outside of maybe the reflection on the interviewee's glasses,0,,0,5. Somewhat Agree,1,5. Somewhat Agree,1,5. Somewhat Agree,1,6. Agree,1,3. Somewhat Disagree,1,Nothing in particular caught my eye outside of maybe the reflection on the interviewee's glasses
53,2022-04-07 14:11:27 UTC,1,,0,6. Agree,1,6. Agree,1,6. Agree,1,6. Agree,1,6. Agree,1,"The interviewee was moving his chair side-to-side but otherwise, it seemed normal and as if he was engaged",1,,0,5. Somewhat Agree,1,4. Neutral,1,5. Somewhat Agree,1,4. Neutral,1,4. Neutral,1,"In the free speech video, the interviewee seemed less sure of himself and ended some answers awkwardly. He seemed to be making less eye contact between points. I would say he didn't seem as distracted in the eminent domain videos.",,2022-04-14 13:43:19 UTC,1,,0,3. Somewhat Disagree,1,5. Somewhat Agree,1,5. Somewhat Agree,1,4. Neutral,1,3. Somewhat Disagree,1,The speaker made awkward pauses at the end of his answers (seemed like the speaker was waiting for something) and not much enthusiasm. He was looking off to the right side at times.,0,,0,4. Neutral,1,6. Agree,1,5. Somewhat Agree,1,7. Strongly Agree,1,5. Somewhat Agree,1,"CODA videos: more gesturing and emotion in his speech this time, which seemed more natural and dynamic. He did seem to misspeak and then correct himself more than in the Student Center video."
54,2022-04-07 14:09:07 UTC,1,,0,7. Strongly Agree,1,7. Strongly Agree,1,7. Strongly Agree,1,7. Strongly Agree,1,7. Strongly Agree,1,There are books on top of the shelve. They really look like a fox. I can't help looking at it. ,1,,0,5. Somewhat Agree,1,5. Somewhat Agree,1,3. Somewhat Disagree,1,5. Somewhat Agree,1,3. Somewhat Disagree,1,There are books on top of the shelve. They really look like a fox. I can't help looking at it. ,,2022-04-14 13:43:12 UTC,1,,0,7. Strongly Agree,1,7. Strongly Agree,1,7. Strongly Agree,1,7. Strongly Agree,1,7. Strongly Agree,1,"No, I think it is perfect.",0,,0,3. Somewhat Disagree,1,3. Somewhat Disagree,1,4. Neutral,1,5. Somewhat Agree,1,4. Neutral,1,"Although there are some pauses, I think it is normal in an interview."
55,2022-04-07 14:19:34 UTC,1,,0,5. Somewhat Agree,1,6. Agree,1,6. Agree,1,5. Somewhat Agree,1,6. Agree,1,"The interviewee kept turning his chair away from the interviewer during the interview, which felt distracting.",1,,0,3. Somewhat Disagree,1,3. Somewhat Disagree,1,5. Somewhat Agree,1,6. Agree,1,2. Disagree,1,"The interviewee kept breaking eye contact a lot in the free speech video, and also kept swiveling the chair a little bit.",,2022-04-14 13:43:20 UTC,1,,0,2. Disagree,1,3. Somewhat Disagree,1,5. Somewhat Agree,1,5. Somewhat Agree,1,4. Neutral,1,"The interviewee kept looking to their left, away from the camera which was a little distracting.",0,,0,1. Strongly Disagree,1,5. Somewhat Agree,1,6. Agree,1,6. Agree,1,4. Neutral,1,"The interviewee's hand gestures were distracting, and they kept swiveling their chair a little bit a well, in addition to looking to their left."
56,2022-04-07 14:11:25 UTC,1,,0,5. Somewhat Agree,1,7. Strongly Agree,1,6. Agree,1,6. Agree,1,6. Agree,1,The interviewee seemed really engaged in the conversation and gave detailed answers to the question. I didn't notice anything particularly distracting or out of place throughout the course of the video however.,1,,0,5. Somewhat Agree,1,7. Strongly Agree,1,6. Agree,1,5. Somewhat Agree,1,6. Agree,1,The interviewee was looking around a lot more and seemed a little more distracted when giving his answers about free speech. ,,2022-04-14 13:44:46 UTC,1,,0,6. Agree,1,7. Strongly Agree,1,7. Strongly Agree,1,6. Agree,1,7. Strongly Agree,1,I did not notice anything out of place throughout the video. The interviewee seemed engaged while giving engaged and detailed answers about the student center. ,0,,0,5. Somewhat Agree,1,7. Strongly Agree,1,6. Agree,1,6. Agree,1,6. Agree,1,The interviewee seemed a little more distracted than they previously did in this video. Their eye contact was not as consistent but they still gave good answers. 
57,2022-04-07 14:11:59 UTC,1,,0,7. Strongly Agree,1,6. Agree,1,4. Neutral,1,6. Agree,1,6. Agree,1,"One of the TAs was standing in the front of the classroom wearing a really clunky HWD during the video. (not sure if this is considered part of the ""session."") Within the video itself, I didn't notice anything odd or distracting. I'm also not super familiar with the topic so I can't really verify whether what he said was accurate. ",1,,0,6. Agree,1,6. Agree,1,4. Neutral,1,6. Agree,1,6. Agree,1,"Within the actual video, no. Within the classroom, TA interacting with the clunky HWD was gesturing this time instead of standing still. ",,2022-04-14 13:42:52 UTC,1,,0,7. Strongly Agree,1,7. Strongly Agree,1,7. Strongly Agree,1,7. Strongly Agree,1,7. Strongly Agree,1,No.,0,,0,6. Agree,1,7. Strongly Agree,1,7. Strongly Agree,1,7. Strongly Agree,1,6. Agree,1,"No, I didn't notice anything out of place or odd in either of these videos. "
